id;prenom;nom;matricule;adresse;taux_horaire;salaire_de_base;sur_salaire;retenue_repas;date_naissance;photo;photo_content_type;login;email;prime_transport;telephone;numero_rib
1;Kuwait infrastructures;Croatian Kuna;client-server Interactions;task-force Generic redefine;63834;94447;62157;34803;2019-01-03;../fake-data/blob/hipster.png;image/png;Small Cotton Shirt Som;Clint19@hotmail.com;51699;(194) 553-0134 x404;generate
2;Markets applications;Directives Incredible Rubber Cheese;Games content;primary;73145;24782;60937;67466;2019-01-03;../fake-data/blob/hipster.png;image/png;Electronics;Sherwood52@hotmail.com;17994;696.213.0789 x60117;strategic Estate
3;exploit;black;Maine orchestration JBOD;Arizona Advanced;26048;85009;52832;31232;2019-01-03;../fake-data/blob/hipster.png;image/png;Azerbaijanian Manat Delaware;Jadyn29@gmail.com;70434;(822) 167-8050 x844;Frozen Cambridgeshire adapter
4;Village;Human quantifying;Unbranded ROI;dot-com;71726;23830;3275;11049;2019-01-03;../fake-data/blob/hipster.png;image/png;Savings Account;Frances19@hotmail.com;26787;1-270-367-8338 x3674;Borders Dynamic
5;deposit Investment Account connecting;Licensed Assistant withdrawal;invoice Tools;Bike lavender Down-sized;11470;8183;29720;95802;2019-01-03;../fake-data/blob/hipster.png;image/png;Georgia green enhance;Brianne.Bayer5@gmail.com;84327;322-512-5242 x35288;SQL
6;deposit generate Dynamic;end-to-end;Forward payment Legacy;Sausages Refined Soft Salad;67240;90144;57611;40991;2019-01-04;../fake-data/blob/hipster.png;image/png;knowledge user systematic quantify;Malinda.Toy@gmail.com;48538;650.829.8467;Future Track
7;Customer;distributed French Polynesia;Fish object-oriented;Borders;38533;7810;85669;68124;2019-01-04;../fake-data/blob/hipster.png;image/png;applications SMTP;Rubie_Larson@yahoo.com;89371;(089) 335-5243 x2525;Lights Illinois Awesome
8;static;Licensed;Kina Facilitator Electronics;Valley Applications portals;12793;28083;42119;35495;2019-01-04;../fake-data/blob/hipster.png;image/png;mindshare Grocery;Kyler64@yahoo.com;25027;(355) 959-3302 x484;programming generate circuit
9;Money Market Account Idaho Poland;Regional circuit;Distributed Grocery;Optimization Books Shoes;94226;85151;22584;8329;2019-01-04;../fake-data/blob/hipster.png;image/png;Pizza Analyst;Lindsay_Bergnaum0@gmail.com;76386;762.908.5406;Intelligent Unbranded Steel Bacon reboot
10;copy Outdoors hard drive;end-to-end index;facilitate magenta orchid;mint green Mobility national;97327;3809;60354;10413;2019-01-03;../fake-data/blob/hipster.png;image/png;Aruba empowering;Doyle13@yahoo.com;24048;468-922-6791 x567;Human Cocos (Keeling) Islands
